[
  {
    "id": "121acedb-2fe3-4f82-ac73-231db1ae4ead",
    "data": [
      {
        "text": "/app",
        "userDefined": false
      }
    ],
    "isTemplate": false,
    "count": 4,
    "lang": "it",
    "updated": 0
  },
  {
    "id": "22b0e252-6f19-402e-8042-30a4cd36856c",
    "data": [
      {
        "text": "informazioni applicazioni",
        "userDefined": false
      }
    ],
    "isTemplate": false,
    "count": 0,
    "lang": "it",
    "updated": 0
  },
  {
    "id": "a52c0cd8-d17b-4a60-899a-3e6a4ef44b11",
    "data": [
      {
        "text": "informazioni app",
        "userDefined": false
      }
    ],
    "isTemplate": false,
    "count": 0,
    "lang": "it",
    "updated": 0
  },
  {
    "id": "a0873fe9-a574-4581-8a93-57f42e2ab638",
    "data": [
      {
        "text": "info app",
        "userDefined": false
      }
    ],
    "isTemplate": false,
    "count": 0,
    "lang": "it",
    "updated": 0
  },
  {
    "id": "0194f9a2-569b-41b2-b419-97c96dbd9c2e",
    "data": [
      {
        "text": "download app ",
        "userDefined": false
      },
      {
        "text": "bari",
        "userDefined": false
      }
    ],
    "isTemplate": false,
    "count": 0,
    "lang": "it",
    "updated": 0
  },
  {
    "id": "f0b9bcec-5d2c-488a-ba45-1bc811f3e211",
    "data": [
      {
        "text": "link download app",
        "userDefined": false
      }
    ],
    "isTemplate": false,
    "count": 0,
    "lang": "it",
    "updated": 0
  },
  {
    "id": "bc9340d2-44f4-45cc-b553-9fa93fd2a596",
    "data": [
      {
        "text": "link app",
        "userDefined": false
      }
    ],
    "isTemplate": false,
    "count": 0,
    "lang": "it",
    "updated": 0
  },
  {
    "id": "f3c577f5-a88a-4452-a84b-6af252c1f498",
    "data": [
      {
        "text": "applicazioni ",
        "userDefined": false
      },
      {
        "text": "comune di bari",
        "userDefined": false
      }
    ],
    "isTemplate": false,
    "count": 0,
    "lang": "it",
    "updated": 0
  },
  {
    "id": "2910bd9d-96ee-4f14-9d5a-02c4ff949bf5",
    "data": [
      {
        "text": "quali applicazioni ci sono a ",
        "userDefined": false
      },
      {
        "text": "bari",
        "userDefined": false
      },
      {
        "text": "?",
        "userDefined": false
      }
    ],
    "isTemplate": false,
    "count": 0,
    "lang": "it",
    "updated": 0
  },
  {
    "id": "d951485d-60a8-4007-8d65-b35ffe71d87f",
    "data": [
      {
        "text": "applicazioni ",
        "userDefined": false
      },
      {
        "text": "città di bari",
        "userDefined": false
      }
    ],
    "isTemplate": false,
    "count": 0,
    "lang": "it",
    "updated": 0
  },
  {
    "id": "a8b54550-055f-4fbf-a038-78199fee41c8",
    "data": [
      {
        "text": "applicazioni ",
        "userDefined": false
      },
      {
        "text": "bari",
        "userDefined": false
      }
    ],
    "isTemplate": false,
    "count": 0,
    "lang": "it",
    "updated": 0
  },
  {
    "id": "dc8fdca9-49c1-4dd9-8377-0d1af4fe8721",
    "data": [
      {
        "text": "app",
        "userDefined": false
      }
    ],
    "isTemplate": false,
    "count": 0,
    "lang": "it",
    "updated": 0
  },
  {
    "data": [
      {
        "text": "cosa sono le app ",
        "userDefined": false
      },
      {
        "text": "baresi",
        "meta": "@sys.last-name",
        "alias": "last-name",
        "userDefined": false
      }
    ],
    "isTemplate": false,
    "count": 2,
    "lang": "it",
    "updated": 0
  },
  {
    "data": [
      {
        "text": "app bari",
        "userDefined": false
      }
    ],
    "isTemplate": false,
    "count": 0,
    "lang": "it",
    "updated": 0
  }
]