[
  {
    "id": "a1ef6f5e-3965-4b5f-a1f6-05c5edea7323",
    "data": [
      {
        "text": "dove posso trovare ",
        "userDefined": false
      },
      {
        "text": "la modulistica",
        "userDefined": false
      },
      {
        "text": " per la certificazione del ",
        "userDefined": false
      },
      {
        "text": "certificato di residenza",
        "meta": "@CertificatoDiResidenza",
        "alias": "certificatodiresidenza",
        "userDefined": false
      },
      {
        "text": "?",
        "userDefined": false
      }
    ],
    "isTemplate": false,
    "count": 0,
    "lang": "it",
    "updated": 0
  },
  {
    "id": "2ad542a7-b20b-4856-b564-a65e7f4f514f",
    "data": [
      {
        "text": "dove posso trovare i moduli per il ",
        "userDefined": false
      },
      {
        "text": "certificato di residenza",
        "meta": "@CertificatoDiResidenza",
        "alias": "certificatodiresidenza",
        "userDefined": false
      },
      {
        "text": "?",
        "userDefined": false
      }
    ],
    "isTemplate": false,
    "count": 0,
    "lang": "it",
    "updated": 0
  },
  {
    "id": "28f90d1a-275b-49c8-8553-921c41047057",
    "data": [
      {
        "text": "modulo richiesta dichiarazione sostitutiva di certificazione multipla",
        "userDefined": false
      }
    ],
    "isTemplate": false,
    "count": 0,
    "lang": "it",
    "updated": 0
  },
  {
    "id": "c3c6360d-5964-4867-8868-dcc83c3c9bf1",
    "data": [
      {
        "text": "modulo richiesta ",
        "userDefined": false
      },
      {
        "text": "certificato di residenza",
        "meta": "@CertificatoDiResidenza",
        "alias": "certificatodiresidenza",
        "userDefined": false
      }
    ],
    "isTemplate": false,
    "count": 0,
    "lang": "it",
    "updated": 0
  },
  {
    "id": "0273e70a-1df0-427c-82c5-a2270194ec09",
    "data": [
      {
        "text": "modulistica ",
        "userDefined": false
      },
      {
        "text": "certificato di residenza",
        "meta": "@CertificatoDiResidenza",
        "alias": "certificatodiresidenza",
        "userDefined": false
      }
    ],
    "isTemplate": false,
    "count": 0,
    "lang": "it",
    "updated": 0
  },
  {
    "id": "c99e1f32-1882-40c1-9921-8eea46540d72",
    "data": [
      {
        "text": "moduli ",
        "userDefined": false
      },
      {
        "text": "certificato di residenza",
        "meta": "@CertificatoDiResidenza",
        "alias": "certificatodiresidenza",
        "userDefined": false
      }
    ],
    "isTemplate": false,
    "count": 0,
    "lang": "it",
    "updated": 0
  },
  {
    "id": "ca0115b1-bffa-4d79-8cd7-f13536991066",
    "data": [
      {
        "text": "allegati ",
        "userDefined": false
      },
      {
        "text": "certificato di residenza",
        "meta": "@CertificatoDiResidenza",
        "alias": "certificatodiresidenza",
        "userDefined": false
      }
    ],
    "isTemplate": false,
    "count": 0,
    "lang": "it",
    "updated": 0
  }
]