[
  {
    "id": "6074120d-9ad1-423f-992b-896acd04a1f1",
    "data": [
      {
        "text": "che cosa è il ",
        "userDefined": false
      },
      {
        "text": "certificato di residenza",
        "meta": "@CertificatoDiResidenza",
        "alias": "certificatodiresidenza",
        "userDefined": false
      },
      {
        "text": "?",
        "userDefined": false
      }
    ],
    "isTemplate": false,
    "count": 0,
    "lang": "it",
    "updated": 0
  },
  {
    "id": "de026d82-113f-4d55-857f-074373d7b657",
    "data": [
      {
        "text": "a cosa serve il ",
        "userDefined": false
      },
      {
        "text": "certificato di residenza",
        "meta": "@CertificatoDiResidenza",
        "alias": "certificatodiresidenza",
        "userDefined": false
      },
      {
        "text": "?",
        "userDefined": false
      }
    ],
    "isTemplate": false,
    "count": 0,
    "lang": "it",
    "updated": 0
  },
  {
    "id": "326e91c1-2a32-4e94-92cd-4fb9da1f44c3",
    "data": [
      {
        "text": "utilità ",
        "userDefined": false
      },
      {
        "text": "certificato di residenza",
        "meta": "@CertificatoDiResidenza",
        "alias": "certificatodiresidenza",
        "userDefined": false
      }
    ],
    "isTemplate": false,
    "count": 0,
    "lang": "it",
    "updated": 0
  },
  {
    "id": "d79bd6dc-11eb-4600-b14d-ff0f29ac59b7",
    "data": [
      {
        "text": "a che serve il ",
        "userDefined": false
      },
      {
        "text": "certificato di residenza",
        "meta": "@CertificatoDiResidenza",
        "alias": "certificatodiresidenza",
        "userDefined": false
      }
    ],
    "isTemplate": false,
    "count": 0,
    "lang": "it",
    "updated": 0
  },
  {
    "id": "4cbce145-f79d-4e16-a90b-39977bd3d8e4",
    "data": [
      {
        "text": "cos\u0027è il ",
        "userDefined": false
      },
      {
        "text": "certificato di residenza",
        "meta": "@CertificatoDiResidenza",
        "alias": "certificatodiresidenza",
        "userDefined": false
      }
    ],
    "isTemplate": false,
    "count": 0,
    "lang": "it",
    "updated": 0
  }
]