[
  {
    "id": "7c1278f1-424e-41a5-aefe-ce5cb2089d4c",
    "data": [
      {
        "text": "validità ",
        "userDefined": false
      },
      {
        "text": "certificato di residenza",
        "meta": "@CertificatoDiResidenza",
        "alias": "certificatodiresidenza",
        "userDefined": false
      },
      {
        "text": " dalla data di rilascio",
        "userDefined": false
      }
    ],
    "isTemplate": false,
    "count": 0,
    "lang": "it",
    "updated": 0
  },
  {
    "id": "53be3fd3-5750-4918-b45d-7a0de23da067",
    "data": [
      {
        "text": "scadenza ",
        "userDefined": false
      },
      {
        "text": "certificato di residenza",
        "meta": "@CertificatoDiResidenza",
        "alias": "certificatodiresidenza",
        "userDefined": false
      }
    ],
    "isTemplate": false,
    "count": 0,
    "lang": "it",
    "updated": 0
  },
  {
    "id": "b78e53f7-9e9c-4ecf-b8a7-40179aff1b7f",
    "data": [
      {
        "text": "quando scade il ",
        "userDefined": false
      },
      {
        "text": "certificato di residenza",
        "meta": "@CertificatoDiResidenza",
        "alias": "certificatodiresidenza",
        "userDefined": false
      },
      {
        "text": "?",
        "userDefined": false
      }
    ],
    "isTemplate": false,
    "count": 0,
    "lang": "it",
    "updated": 0
  },
  {
    "id": "9d9030f4-5284-4212-907e-5c44946bd808",
    "data": [
      {
        "text": "quanto vale il ",
        "userDefined": false
      },
      {
        "text": "certificato di residenza",
        "meta": "@CertificatoDiResidenza",
        "alias": "certificatodiresidenza",
        "userDefined": false
      },
      {
        "text": "?",
        "userDefined": false
      }
    ],
    "isTemplate": false,
    "count": 0,
    "lang": "it",
    "updated": 0
  },
  {
    "id": "1969565a-d0c3-45d0-bd9a-ae35e3ab12f7",
    "data": [
      {
        "text": "come faccio a sapere la validità del ",
        "userDefined": false
      },
      {
        "text": "certificato di residenza",
        "meta": "@CertificatoDiResidenza",
        "alias": "certificatodiresidenza",
        "userDefined": false
      },
      {
        "text": "?",
        "userDefined": false
      }
    ],
    "isTemplate": false,
    "count": 0,
    "lang": "it",
    "updated": 0
  },
  {
    "id": "abf8ef1d-309b-41e9-99e0-40b3f1e492d1",
    "data": [
      {
        "text": "che validità ha il ",
        "userDefined": false
      },
      {
        "text": "certificato di residenza",
        "meta": "@CertificatoDiResidenza",
        "alias": "certificatodiresidenza",
        "userDefined": false
      },
      {
        "text": "?",
        "userDefined": false
      }
    ],
    "isTemplate": false,
    "count": 0,
    "lang": "it",
    "updated": 0
  },
  {
    "id": "8bf8f365-8590-4712-a23c-c147009d9de4",
    "data": [
      {
        "text": "validità ",
        "userDefined": false
      },
      {
        "text": "certificato di residenza",
        "meta": "@CertificatoDiResidenza",
        "alias": "certificatodiresidenza",
        "userDefined": false
      }
    ],
    "isTemplate": false,
    "count": 0,
    "lang": "it",
    "updated": 0
  }
]