[
  {
    "id": "f673b3ec-3119-4efa-8a4c-a4e0fd6c06af",
    "data": [
      {
        "text": "certificato di residenza",
        "meta": "@CertificatoDiResidenza",
        "alias": "CertificatoDiResidenza",
        "userDefined": false
      }
    ],
    "isTemplate": false,
    "count": 0,
    "lang": "it",
    "updated": 0
  },
  {
    "id": "739cdffd-336b-4338-9c78-98e17248fcf6",
    "data": [
      {
        "text": "vorrei il ",
        "userDefined": false
      },
      {
        "text": "certificato di residenza",
        "meta": "@CertificatoDiResidenza",
        "alias": "CertificatoDiResidenza",
        "userDefined": false
      }
    ],
    "isTemplate": false,
    "count": 0,
    "lang": "it",
    "updated": 0
  },
  {
    "id": "1cb9a784-abcd-4644-bd2c-ab491a277ee3",
    "data": [
      {
        "text": "mi",
        "userDefined": false
      },
      {
        "text": " servirebbe il ",
        "userDefined": false
      },
      {
        "text": "certificato di residenza",
        "meta": "@CertificatoDiResidenza",
        "alias": "CertificatoDiResidenza",
        "userDefined": false
      }
    ],
    "isTemplate": false,
    "count": 0,
    "lang": "it",
    "updated": 0
  },
  {
    "id": "3786c94b-429c-456d-b891-2b36c1f9c82b",
    "data": [
      {
        "text": "info ",
        "userDefined": false
      },
      {
        "text": "certificato di residenza",
        "meta": "@CertificatoDiResidenza",
        "alias": "CertificatoDiResidenza",
        "userDefined": false
      }
    ],
    "isTemplate": false,
    "count": 0,
    "lang": "it",
    "updated": 0
  },
  {
    "id": "d325f03c-27f0-4520-a850-ee6e8ed1b516",
    "data": [
      {
        "text": "informazioni ",
        "userDefined": false
      },
      {
        "text": "certificato di residenza",
        "meta": "@CertificatoDiResidenza",
        "alias": "CertificatoDiResidenza",
        "userDefined": true
      }
    ],
    "isTemplate": false,
    "count": 0,
    "lang": "it",
    "updated": 0
  }
]