[
  {
    "id": "d3a90c97-4855-416b-b4f8-3d5f508c76ed",
    "data": [
      {
        "text": "come posso trovare informazioni sulla ",
        "userDefined": false
      },
      {
        "text": "CIE",
        "meta": "@CIE",
        "alias": "CIE",
        "userDefined": true
      },
      {
        "text": "?",
        "userDefined": false
      }
    ],
    "isTemplate": false,
    "count": 0,
    "lang": "it",
    "updated": 0
  },
  {
    "id": "76477e91-309a-421a-a50a-cef5a144921e",
    "data": [
      {
        "text": "dammi informazioni sulla ",
        "userDefined": false
      },
      {
        "text": "CIE",
        "meta": "@CIE",
        "alias": "CIE",
        "userDefined": true
      }
    ],
    "isTemplate": false,
    "count": 0,
    "lang": "it",
    "updated": 0
  },
  {
    "id": "b9dff067-b717-434a-9628-269b71c2cd6c",
    "data": [
      {
        "text": "che cos\u0027è la ",
        "userDefined": false
      },
      {
        "text": "CIE",
        "meta": "@CIE",
        "alias": "CIE",
        "userDefined": true
      },
      {
        "text": "?",
        "userDefined": false
      }
    ],
    "isTemplate": false,
    "count": 0,
    "lang": "it",
    "updated": 0
  },
  {
    "id": "0865b191-e4ea-4416-a176-067ef21cd56e",
    "data": [
      {
        "text": "info",
        "userDefined": false
      },
      {
        "text": " ",
        "userDefined": false
      },
      {
        "text": "carta d\u0027identità elettronica",
        "meta": "@CIE",
        "alias": "CIE",
        "userDefined": true
      }
    ],
    "isTemplate": false,
    "count": 0,
    "lang": "it",
    "updated": 0
  },
  {
    "id": "f3427c58-4f7b-4af5-bdaf-40f5e5751efb",
    "data": [
      {
        "text": "info",
        "userDefined": false
      },
      {
        "text": " ",
        "userDefined": false
      },
      {
        "text": "CIE",
        "meta": "@CIE",
        "alias": "CIE",
        "userDefined": true
      }
    ],
    "isTemplate": false,
    "count": 0,
    "lang": "it",
    "updated": 0
  },
  {
    "id": "046d5210-5552-414c-9991-818f1490fb3e",
    "data": [
      {
        "text": "CIE",
        "meta": "@CIE",
        "alias": "CIE",
        "userDefined": true
      }
    ],
    "isTemplate": false,
    "count": 0,
    "lang": "it",
    "updated": 0
  },
  {
    "id": "78baaad9-3018-498d-b84c-5eb08c868578",
    "data": [
      {
        "text": "carta",
        "userDefined": false
      },
      {
        "text": " d\u0027identità ",
        "userDefined": false
      },
      {
        "text": "elettronica",
        "userDefined": false
      }
    ],
    "isTemplate": false,
    "count": 0,
    "lang": "it",
    "updated": 0
  },
  {
    "id": "8996e267-94e1-4f88-a679-59bd416dc5bc",
    "data": [
      {
        "text": "carta d\u0027identità digitale",
        "meta": "@CIE",
        "alias": "CIE",
        "userDefined": true
      }
    ],
    "isTemplate": false,
    "count": 0,
    "lang": "it",
    "updated": 0
  },
  {
    "id": "608194a5-5f89-4b7b-8116-2718592b1c34",
    "data": [
      {
        "text": "carta d\u0027identità",
        "meta": "@CIE",
        "alias": "CIE",
        "userDefined": true
      }
    ],
    "isTemplate": false,
    "count": 0,
    "lang": "it",
    "updated": 0
  },
  {
    "data": [
      {
        "text": "quanto ",
        "userDefined": false
      },
      {
        "text": "mi",
        "userDefined": false
      },
      {
        "text": " dura la ",
        "userDefined": false
      },
      {
        "text": "carta d\u0027identità",
        "meta": "@CIE",
        "alias": "CIE",
        "userDefined": false
      },
      {
        "text": "?",
        "userDefined": false
      }
    ],
    "isTemplate": false,
    "count": 0,
    "lang": "it",
    "updated": 0
  },
  {
    "data": [
      {
        "text": "/",
        "userDefined": false
      },
      {
        "text": "cie",
        "meta": "@CIE",
        "alias": "CIE",
        "userDefined": false
      }
    ],
    "isTemplate": false,
    "count": 3,
    "lang": "it",
    "updated": 0
  }
]