[
  {
    "id": "f68ba034-16fc-4408-a3e5-cd231fc2684b",
    "data": [
      {
        "text": "validità espatrio ",
        "userDefined": false
      },
      {
        "text": "CIE",
        "meta": "@CIE",
        "alias": "cie",
        "userDefined": false
      }
    ],
    "isTemplate": false,
    "count": 0,
    "lang": "it",
    "updated": 0
  },
  {
    "id": "8abb3807-01ea-4272-8780-21170d21e610",
    "data": [
      {
        "text": "CIE",
        "meta": "@CIE",
        "alias": "cie",
        "userDefined": false
      },
      {
        "text": " valida per l\u0027espatrio per cittadino extracomunitario",
        "userDefined": false
      }
    ],
    "isTemplate": false,
    "count": 0,
    "lang": "it",
    "updated": 0
  },
  {
    "id": "24e5567b-f452-4a91-8877-5a2227905610",
    "data": [
      {
        "text": "un",
        "userDefined": false
      },
      {
        "text": " minore può richiedere la ",
        "userDefined": false
      },
      {
        "text": "CIE",
        "meta": "@CIE",
        "alias": "cie",
        "userDefined": false
      },
      {
        "text": " valida per l\u0027espatrio?",
        "userDefined": false
      }
    ],
    "isTemplate": false,
    "count": 0,
    "lang": "it",
    "updated": 0
  },
  {
    "id": "d831f6df-0587-4592-89be-464ce01f55ad",
    "data": [
      {
        "text": "CIE",
        "meta": "@CIE",
        "alias": "cie",
        "userDefined": false
      },
      {
        "text": " espatrio minore",
        "userDefined": false
      }
    ],
    "isTemplate": false,
    "count": 0,
    "lang": "it",
    "updated": 0
  },
  {
    "id": "e8bbc67a-b086-42a1-854b-18af9f70d101",
    "data": [
      {
        "text": "la ",
        "userDefined": false
      },
      {
        "text": "CIE",
        "meta": "@CIE",
        "alias": "cie",
        "userDefined": false
      },
      {
        "text": " è valida per l\u0027espatrio?",
        "userDefined": false
      }
    ],
    "isTemplate": false,
    "count": 0,
    "lang": "it",
    "updated": 0
  },
  {
    "id": "0f2fc303-dcdd-49f3-b7e2-9c0fd62060cc",
    "data": [
      {
        "text": "validità ",
        "userDefined": false
      },
      {
        "text": "CIE",
        "meta": "@CIE",
        "alias": "cie",
        "userDefined": false
      },
      {
        "text": " espatrio",
        "userDefined": false
      }
    ],
    "isTemplate": false,
    "count": 0,
    "lang": "it",
    "updated": 0
  },
  {
    "id": "a0bf60b2-09b4-411e-a89f-cb4405360869",
    "data": [
      {
        "text": "richiedere ",
        "userDefined": false
      },
      {
        "text": "CIE",
        "meta": "@CIE",
        "alias": "cie",
        "userDefined": false
      },
      {
        "text": " valida per l\u0027espatrio",
        "userDefined": false
      }
    ],
    "isTemplate": false,
    "count": 0,
    "lang": "it",
    "updated": 0
  },
  {
    "id": "44277e21-b071-42d3-8221-283935e5c6c9",
    "data": [
      {
        "text": "CIE",
        "meta": "@CIE",
        "alias": "cie",
        "userDefined": false
      },
      {
        "text": " valida per espatrio",
        "userDefined": false
      }
    ],
    "isTemplate": false,
    "count": 0,
    "lang": "it",
    "updated": 0
  },
  {
    "id": "2bf1041d-0204-435c-87af-9853e480af89",
    "data": [
      {
        "text": "CIE",
        "meta": "@CIE",
        "alias": "cie",
        "userDefined": false
      },
      {
        "text": " espatrio",
        "userDefined": false
      }
    ],
    "isTemplate": false,
    "count": 1,
    "lang": "it",
    "updated": 0
  }
]