[
  {
    "id": "473d3565-f0d9-4892-8e50-43e7608ddbaf",
    "data": [
      {
        "text": "consenso donazione organi",
        "userDefined": false
      }
    ],
    "isTemplate": false,
    "count": 0,
    "lang": "it",
    "updated": 0
  },
  {
    "id": "3468febf-1c17-4381-aa09-220fbc7d94b5",
    "data": [
      {
        "text": "come si esprime il consenso per ",
        "userDefined": false
      },
      {
        "text": "la",
        "userDefined": false
      },
      {
        "text": " donazione degli organi?",
        "userDefined": false
      }
    ],
    "isTemplate": false,
    "count": 0,
    "lang": "it",
    "updated": 0
  },
  {
    "id": "3a7f0a03-e8bb-4fe7-b8a5-a404f9eb2cd1",
    "data": [
      {
        "text": "consenso donazione organi ",
        "userDefined": false
      },
      {
        "text": "in",
        "userDefined": false
      },
      {
        "text": " caso di morte",
        "userDefined": false
      }
    ],
    "isTemplate": false,
    "count": 0,
    "lang": "it",
    "updated": 0
  },
  {
    "id": "0a778f94-6c19-4813-bde6-82cfc2bba5c3",
    "data": [
      {
        "text": "donazione organi ",
        "userDefined": false
      },
      {
        "text": "in",
        "userDefined": false
      },
      {
        "text": " caso di morte",
        "userDefined": false
      }
    ],
    "isTemplate": false,
    "count": 0,
    "lang": "it",
    "updated": 0
  },
  {
    "id": "71df34f9-597b-4203-8ec4-0e7f922c2aa3",
    "data": [
      {
        "text": "donazione organi ",
        "userDefined": false
      },
      {
        "text": "CIE",
        "meta": "@CIE",
        "alias": "cie",
        "userDefined": false
      }
    ],
    "isTemplate": false,
    "count": 0,
    "lang": "it",
    "updated": 0
  },
  {
    "data": [
      {
        "text": "che cos\u0027è la donazione degli organi",
        "userDefined": false
      },
      {
        "text": "?",
        "userDefined": false
      }
    ],
    "isTemplate": false,
    "count": 0,
    "lang": "it",
    "updated": 0
  },
  {
    "data": [
      {
        "text": "come esprimo la ",
        "userDefined": false
      },
      {
        "text": "mia preferenza sulla",
        "userDefined": false
      },
      {
        "text": " donazione degli organi",
        "userDefined": false
      },
      {
        "text": "?",
        "userDefined": false
      }
    ],
    "isTemplate": false,
    "count": 0,
    "lang": "it",
    "updated": 0
  }
]