[
  {
    "id": "9020b16d-9ad9-4800-8fce-e9f933c9e18a",
    "data": [
      {
        "text": "formato fototessera ",
        "userDefined": false
      },
      {
        "text": "CIE",
        "meta": "@CIE",
        "alias": "cie",
        "userDefined": false
      }
    ],
    "isTemplate": false,
    "count": 0,
    "lang": "it",
    "updated": 0
  },
  {
    "id": "d77fe050-93bb-469b-8480-86be2e6e318f",
    "data": [
      {
        "text": "formato fototessere richiesta ",
        "userDefined": false
      },
      {
        "text": "CIE",
        "meta": "@CIE",
        "alias": "cie",
        "userDefined": false
      }
    ],
    "isTemplate": false,
    "count": 0,
    "lang": "it",
    "updated": 0
  },
  {
    "id": "5c8ace7f-2ca5-4951-a43e-87729b526a59",
    "data": [
      {
        "text": "fototessere richiesta ",
        "userDefined": false
      },
      {
        "text": "CIE",
        "meta": "@CIE",
        "alias": "cie",
        "userDefined": false
      }
    ],
    "isTemplate": false,
    "count": 0,
    "lang": "it",
    "updated": 0
  },
  {
    "id": "e3f71f5e-1e9d-42c1-b821-4a46fdabdfa2",
    "data": [
      {
        "text": "quali documenti devo portare per la richiesta della ",
        "userDefined": false
      },
      {
        "text": "CIE",
        "meta": "@CIE",
        "alias": "cie",
        "userDefined": false
      },
      {
        "text": "?",
        "userDefined": false
      }
    ],
    "isTemplate": false,
    "count": 0,
    "lang": "it",
    "updated": 0
  },
  {
    "id": "b06e64bb-a9dc-44ff-8aba-709706cf801c",
    "data": [
      {
        "text": "documenti necessari per la richiesta della ",
        "userDefined": false
      },
      {
        "text": "CIE",
        "meta": "@CIE",
        "alias": "cie",
        "userDefined": false
      }
    ],
    "isTemplate": false,
    "count": 0,
    "lang": "it",
    "updated": 0
  },
  {
    "id": "eba3751b-c839-432a-a38b-4361713d18d4",
    "data": [
      {
        "text": "documenti utili per la ",
        "userDefined": false
      },
      {
        "text": "CIE",
        "meta": "@CIE",
        "alias": "cie",
        "userDefined": false
      }
    ],
    "isTemplate": false,
    "count": 0,
    "lang": "it",
    "updated": 0
  },
  {
    "id": "b96d7353-307d-4cd6-b9aa-eabd22bf79e2",
    "data": [
      {
        "text": "documenti ",
        "userDefined": false
      },
      {
        "text": "CIE",
        "meta": "@CIE",
        "alias": "cie",
        "userDefined": false
      }
    ],
    "isTemplate": false,
    "count": 0,
    "lang": "it",
    "updated": 0
  },
  {
    "id": "3ee67735-c770-4f67-a876-859d7996c4f9",
    "data": [
      {
        "text": "quali documenti servono per la richiesta della ",
        "userDefined": false
      },
      {
        "text": "CIE",
        "meta": "@CIE",
        "alias": "cie",
        "userDefined": false
      },
      {
        "text": "?",
        "userDefined": false
      }
    ],
    "isTemplate": false,
    "count": 0,
    "lang": "it",
    "updated": 0
  },
  {
    "id": "8f903650-5b2a-48a6-8e32-2392d1b59a59",
    "data": [
      {
        "text": "quali documenti servono per richiedere la ",
        "userDefined": false
      },
      {
        "text": "CIE",
        "meta": "@CIE",
        "alias": "cie",
        "userDefined": false
      },
      {
        "text": "?",
        "userDefined": false
      }
    ],
    "isTemplate": false,
    "count": 0,
    "lang": "it",
    "updated": 0
  },
  {
    "data": [
      {
        "text": "quali",
        "userDefined": false
      },
      {
        "text": " allegati devo inserire ",
        "userDefined": false
      },
      {
        "text": "per",
        "userDefined": false
      },
      {
        "text": " chiedere la ",
        "userDefined": false
      },
      {
        "text": "cie",
        "meta": "@CIE",
        "alias": "cie2",
        "userDefined": false
      }
    ],
    "isTemplate": false,
    "count": 0,
    "lang": "it",
    "updated": 0
  }
]