[
  {
    "id": "7418e5a8-8bae-41aa-9206-0069ed973154",
    "data": [
      {
        "text": "metodi di pagamento richiesta ",
        "userDefined": false
      },
      {
        "text": "CIE",
        "meta": "@CIE",
        "alias": "cie",
        "userDefined": false
      }
    ],
    "isTemplate": false,
    "count": 0,
    "lang": "it",
    "updated": 0
  },
  {
    "id": "53983123-c8d5-446a-99ca-0f3f42afee64",
    "data": [
      {
        "text": "in",
        "userDefined": false
      },
      {
        "text": " che modo si paga la ",
        "userDefined": false
      },
      {
        "text": "CIE",
        "meta": "@CIE",
        "alias": "cie",
        "userDefined": false
      },
      {
        "text": "?",
        "userDefined": false
      }
    ],
    "isTemplate": false,
    "count": 0,
    "lang": "it",
    "updated": 0
  },
  {
    "id": "9809d9e3-3e98-4d80-b5e1-e69e49bd7e56",
    "data": [
      {
        "text": "pagamento richiesta ",
        "userDefined": false
      },
      {
        "text": "CIE",
        "meta": "@CIE",
        "alias": "cie",
        "userDefined": false
      }
    ],
    "isTemplate": false,
    "count": 0,
    "lang": "it",
    "updated": 0
  },
  {
    "id": "93c4ed0b-901c-4ad7-ac8f-b466fb0319b9",
    "data": [
      {
        "text": "pagamento nuova ",
        "userDefined": false
      },
      {
        "text": "CIE",
        "meta": "@CIE",
        "alias": "cie",
        "userDefined": false
      }
    ],
    "isTemplate": false,
    "count": 0,
    "lang": "it",
    "updated": 0
  },
  {
    "id": "f5839a1f-1047-4f7a-8b51-6821d18d79da",
    "data": [
      {
        "text": "pagamento online ",
        "userDefined": false
      },
      {
        "text": "CIE",
        "meta": "@CIE",
        "alias": "cie",
        "userDefined": false
      }
    ],
    "isTemplate": false,
    "count": 0,
    "lang": "it",
    "updated": 0
  },
  {
    "id": "3802b1f8-30b6-40af-996c-737bb01f83cd",
    "data": [
      {
        "text": "in",
        "userDefined": false
      },
      {
        "text": " che modo posso pagare la ",
        "userDefined": false
      },
      {
        "text": "CIE",
        "meta": "@CIE",
        "alias": "cie",
        "userDefined": false
      },
      {
        "text": "?",
        "userDefined": false
      }
    ],
    "isTemplate": false,
    "count": 1,
    "lang": "it",
    "updated": 0
  },
  {
    "id": "1d89733c-2dc1-4eb2-9ab9-7b8fc75fdb3e",
    "data": [
      {
        "text": "modalità di pagamento ",
        "userDefined": false
      },
      {
        "text": "CIE",
        "meta": "@CIE",
        "alias": "cie",
        "userDefined": false
      }
    ],
    "isTemplate": false,
    "count": 0,
    "lang": "it",
    "updated": 0
  },
  {
    "data": [
      {
        "text": "come faccio a pagare una ",
        "userDefined": false
      },
      {
        "text": "carta di identità",
        "meta": "@CIE",
        "alias": "cie",
        "userDefined": false
      },
      {
        "text": "?",
        "userDefined": false
      }
    ],
    "isTemplate": false,
    "count": 0,
    "lang": "it",
    "updated": 0
  }
]