[
  {
    "id": "22808a7b-ef61-4db7-b7e2-ef70f63f0640",
    "data": [
      {
        "text": "modulo dichiarazione ",
        "userDefined": false
      },
      {
        "text": "residenza",
        "meta": "@Residenza",
        "alias": "residenza",
        "userDefined": false
      },
      {
        "text": " extracomunitario",
        "userDefined": false
      }
    ],
    "isTemplate": false,
    "count": 0,
    "lang": "it",
    "updated": 0
  },
  {
    "id": "54fc6567-3010-4822-82ac-3881aceef400",
    "data": [
      {
        "text": "dichiarazione sostitutiva cambio di ",
        "userDefined": false
      },
      {
        "text": "residenza",
        "meta": "@Residenza",
        "alias": "residenza",
        "userDefined": false
      }
    ],
    "isTemplate": false,
    "count": 0,
    "lang": "it",
    "updated": 0
  },
  {
    "id": "fd83a92f-db1f-4267-abb3-1f2585bcf5e5",
    "data": [
      {
        "text": "autodichiarazione cambio di ",
        "userDefined": false
      },
      {
        "text": "residenza",
        "meta": "@Residenza",
        "alias": "residenza",
        "userDefined": false
      }
    ],
    "isTemplate": false,
    "count": 0,
    "lang": "it",
    "updated": 0
  },
  {
    "id": "da016fc1-c2c6-4a2a-80d4-21801c4d2f01",
    "data": [
      {
        "text": "modulistica cambio di ",
        "userDefined": false
      },
      {
        "text": "residenza",
        "meta": "@Residenza",
        "alias": "residenza",
        "userDefined": false
      }
    ],
    "isTemplate": false,
    "count": 0,
    "lang": "it",
    "updated": 0
  },
  {
    "id": "3d1459ad-69a0-43de-99f7-cda68c8f1dee",
    "data": [
      {
        "text": "modulo dichiarazione ",
        "userDefined": false
      },
      {
        "text": "residenza",
        "meta": "@Residenza",
        "alias": "residenza",
        "userDefined": false
      },
      {
        "text": " minorenne",
        "userDefined": false
      }
    ],
    "isTemplate": false,
    "count": 0,
    "lang": "it",
    "updated": 0
  },
  {
    "id": "a8d45b2a-5f64-4057-9bcb-0d9bb38d2228",
    "data": [
      {
        "text": "modulo dichiarazione ",
        "userDefined": false
      },
      {
        "text": "residenza",
        "meta": "@Residenza",
        "alias": "residenza",
        "userDefined": false
      }
    ],
    "isTemplate": false,
    "count": 0,
    "lang": "it",
    "updated": 0
  },
  {
    "id": "2ac84aa8-4dbf-4d5e-9af3-2baf94ab3fbd",
    "data": [
      {
        "text": "moduli ",
        "userDefined": false
      },
      {
        "text": "cambio di residenza",
        "meta": "@Residenza",
        "alias": "residenza",
        "userDefined": true
      }
    ],
    "isTemplate": false,
    "count": 0,
    "lang": "it",
    "updated": 0
  },
  {
    "id": "752180ad-066e-4bb3-a833-98a0ecce4942",
    "data": [
      {
        "text": "mi",
        "userDefined": false
      },
      {
        "text": " dai il modulo dichiarazione sostitutiva ?",
        "userDefined": false
      }
    ],
    "isTemplate": false,
    "count": 0,
    "lang": "it",
    "updated": 0
  },
  {
    "id": "5e82decd-6be2-4192-9baa-ca698d874060",
    "data": [
      {
        "text": "dove posso trovare modulo dichiarazione sostitutiva",
        "userDefined": false
      }
    ],
    "isTemplate": false,
    "count": 1,
    "lang": "it",
    "updated": 0
  },
  {
    "id": "48f0cb05-c2f9-41f2-ac5a-562a7051fc69",
    "data": [
      {
        "text": "mi",
        "meta": "@sys.unit-length-name",
        "alias": "unit-length-name",
        "userDefined": false
      },
      {
        "text": " dai il modulo dichiarazione sostitutiva ?",
        "userDefined": false
      }
    ],
    "isTemplate": false,
    "count": 0,
    "lang": "it",
    "updated": 0
  }
]