[
  {
    "id": "c5b6f669-7db2-4fad-8994-e25876f990ed",
    "data": [
      {
        "text": "quando è necessario richiedere il ",
        "userDefined": false
      },
      {
        "text": "cambio di residenza",
        "meta": "@Residenza",
        "alias": "residenza",
        "userDefined": true
      },
      {
        "text": "?",
        "userDefined": false
      }
    ],
    "isTemplate": false,
    "count": 0,
    "lang": "it",
    "updated": 0
  },
  {
    "id": "8da8a44d-9433-4c7a-bfdc-ffe605bead93",
    "data": [
      {
        "text": "quando bisogna fare il ",
        "userDefined": false
      },
      {
        "text": "cambio di residenza",
        "meta": "@Residenza",
        "alias": "residenza",
        "userDefined": true
      },
      {
        "text": "?",
        "userDefined": false
      }
    ],
    "isTemplate": false,
    "count": 0,
    "lang": "it",
    "updated": 0
  },
  {
    "id": "2e277b7d-8f48-461a-a94d-1f7fd5c8ca6a",
    "data": [
      {
        "text": "quando è necessario fare il cambio di ",
        "userDefined": false
      },
      {
        "text": "residenza",
        "meta": "@Residenza",
        "alias": "residenza",
        "userDefined": false
      },
      {
        "text": "?",
        "userDefined": false
      }
    ],
    "isTemplate": false,
    "count": 0,
    "lang": "it",
    "updated": 0
  },
  {
    "id": "3fed05b0-816c-4479-840f-b0d220ef3c1c",
    "data": [
      {
        "text": "quando si deve fare il cambio di ",
        "userDefined": false
      },
      {
        "text": "residenza",
        "meta": "@Residenza",
        "alias": "residenza",
        "userDefined": false
      },
      {
        "text": "?",
        "userDefined": false
      }
    ],
    "isTemplate": false,
    "count": 0,
    "lang": "it",
    "updated": 0
  },
  {
    "id": "c858ce0b-f30c-403e-9cc0-ac27bccf103a",
    "data": [
      {
        "text": "quando richiedere il ",
        "userDefined": false
      },
      {
        "text": "cdr",
        "meta": "@Residenza",
        "alias": "residenza",
        "userDefined": false
      }
    ],
    "isTemplate": false,
    "count": 1,
    "lang": "it",
    "updated": 0
  },
  {
    "data": [
      {
        "text": "quando chiedere il ",
        "userDefined": false
      },
      {
        "text": "c.d.r.",
        "meta": "@Residenza",
        "alias": "residenza",
        "userDefined": false
      }
    ],
    "isTemplate": false,
    "count": 1,
    "lang": "it",
    "updated": 0
  }
]