[
  {
    "id": "5f3a407a-bbf6-48c4-87c6-64373ef102f9",
    "data": [
      {
        "text": "cambio di residenza",
        "meta": "@Residenza",
        "alias": "residenza",
        "userDefined": false
      },
      {
        "text": " cosa è",
        "userDefined": false
      }
    ],
    "isTemplate": false,
    "count": 0,
    "lang": "it",
    "updated": 0
  },
  {
    "id": "8fc1c05e-2e61-4ed9-bcad-6be743fd3450",
    "data": [
      {
        "text": "cosa è il ",
        "userDefined": false
      },
      {
        "text": "cambio di residenza",
        "meta": "@Residenza",
        "alias": "residenza",
        "userDefined": false
      },
      {
        "text": "?",
        "userDefined": false
      }
    ],
    "isTemplate": false,
    "count": 0,
    "lang": "it",
    "updated": 0
  },
  {
    "id": "a075aba5-0734-4385-a8ff-31ac30900511",
    "data": [
      {
        "text": "cosa sarebbe il ",
        "userDefined": false
      },
      {
        "text": "cambio di residenza",
        "meta": "@Residenza",
        "alias": "residenza",
        "userDefined": false
      },
      {
        "text": "?",
        "userDefined": false
      }
    ],
    "isTemplate": false,
    "count": 0,
    "lang": "it",
    "updated": 0
  },
  {
    "id": "f3f699a8-0989-466c-96fb-339e3fa2dfdc",
    "data": [
      {
        "text": "cos\u0027è il ",
        "userDefined": false
      },
      {
        "text": "cambio di residenza",
        "meta": "@Residenza",
        "alias": "residenza",
        "userDefined": false
      },
      {
        "text": "?",
        "userDefined": false
      }
    ],
    "isTemplate": false,
    "count": 0,
    "lang": "it",
    "updated": 0
  },
  {
    "id": "97467a2c-5845-4460-a09c-c0e6f95d3395",
    "data": [
      {
        "text": "cos\u0027è il ",
        "userDefined": false
      },
      {
        "text": "c.d.r.",
        "meta": "@Residenza",
        "alias": "residenza",
        "userDefined": false
      }
    ],
    "isTemplate": false,
    "count": 0,
    "lang": "it",
    "updated": 0
  }
]