[
  {
    "id": "23fb0b58-6148-49b4-8d79-c1517aba530e",
    "data": [
      {
        "text": "cosa allegare per il cambio di ",
        "userDefined": false
      },
      {
        "text": "residenza",
        "meta": "@Residenza",
        "alias": "residenza",
        "userDefined": false
      },
      {
        "text": "?",
        "userDefined": false
      }
    ],
    "isTemplate": false,
    "count": 0,
    "lang": "it",
    "updated": 0
  },
  {
    "id": "fc5140cb-51f5-433c-81fb-9673c8ac2141",
    "data": [
      {
        "text": "quali documenti devo portare per il cambio di ",
        "userDefined": false
      },
      {
        "text": "residenza",
        "meta": "@Residenza",
        "alias": "residenza",
        "userDefined": false
      },
      {
        "text": "?",
        "userDefined": false
      }
    ],
    "isTemplate": false,
    "count": 0,
    "lang": "it",
    "updated": 0
  },
  {
    "id": "d2bd96dc-276d-4a6e-9d79-eac67aac2444",
    "data": [
      {
        "text": "che documenti ",
        "userDefined": false
      },
      {
        "text": "mi",
        "userDefined": false
      },
      {
        "text": " servono per il cambio di ",
        "userDefined": false
      },
      {
        "text": "residenza",
        "meta": "@Residenza",
        "alias": "residenza",
        "userDefined": false
      },
      {
        "text": "?",
        "userDefined": false
      }
    ],
    "isTemplate": false,
    "count": 1,
    "lang": "it",
    "updated": 0
  },
  {
    "id": "b7b20ccf-32d3-41f0-bda0-4c463b24bf0b",
    "data": [
      {
        "text": "documenti trasferimento di ",
        "userDefined": false
      },
      {
        "text": "residenza",
        "meta": "@Residenza",
        "alias": "residenza",
        "userDefined": false
      }
    ],
    "isTemplate": false,
    "count": 0,
    "lang": "it",
    "updated": 0
  },
  {
    "id": "0d232341-8c25-4a54-b304-09e5c0ee40b7",
    "data": [
      {
        "text": "documenti cambio di ",
        "userDefined": false
      },
      {
        "text": "residenza",
        "meta": "@Residenza",
        "alias": "residenza",
        "userDefined": false
      }
    ],
    "isTemplate": false,
    "count": 0,
    "lang": "it",
    "updated": 0
  },
  {
    "id": "d228dc87-a4cc-49bd-b620-3bc0870b1160",
    "data": [
      {
        "text": "documenti utili per il cambio di ",
        "userDefined": false
      },
      {
        "text": "residenza",
        "meta": "@Residenza",
        "alias": "residenza",
        "userDefined": false
      }
    ],
    "isTemplate": false,
    "count": 0,
    "lang": "it",
    "updated": 0
  },
  {
    "id": "9472ef39-704d-4bdd-a3a2-78b6d25dbae5",
    "data": [
      {
        "text": "quali documenti servono per il cambio di ",
        "userDefined": false
      },
      {
        "text": "residenza",
        "meta": "@Residenza",
        "alias": "residenza",
        "userDefined": false
      },
      {
        "text": "?",
        "userDefined": false
      }
    ],
    "isTemplate": false,
    "count": 0,
    "lang": "it",
    "updated": 0
  },
  {
    "id": "fb75ecf8-98ce-45de-9c5e-e60a082dd751",
    "data": [
      {
        "text": "documenti necessari per il cambio di ",
        "userDefined": false
      },
      {
        "text": "residenza",
        "meta": "@Residenza",
        "alias": "residenza",
        "userDefined": false
      }
    ],
    "isTemplate": false,
    "count": 0,
    "lang": "it",
    "updated": 0
  }
]