[
  {
    "id": "c2f58a02-8dd3-4225-8f5e-d0c066f21596",
    "data": [
      {
        "text": "entro quanto bisogna presentare il cambio di ",
        "userDefined": false
      },
      {
        "text": "residenza",
        "meta": "@Residenza",
        "alias": "residenza",
        "userDefined": false
      },
      {
        "text": "?",
        "userDefined": false
      }
    ],
    "isTemplate": false,
    "count": 0,
    "lang": "it",
    "updated": 0
  },
  {
    "id": "fb5ce3cb-5940-4ea5-871e-ff9465e68883",
    "data": [
      {
        "text": "entro quanto devo presentare la dichiarazione per il cambio di ",
        "userDefined": false
      },
      {
        "text": "residenza",
        "meta": "@Residenza",
        "alias": "residenza",
        "userDefined": false
      },
      {
        "text": "?",
        "userDefined": false
      }
    ],
    "isTemplate": false,
    "count": 0,
    "lang": "it",
    "updated": 0
  },
  {
    "id": "6426dade-27e1-486a-bb8c-d280301e9178",
    "data": [
      {
        "text": "entro quanto si presenta il ",
        "userDefined": false
      },
      {
        "text": "cambio di residenza",
        "meta": "@Residenza",
        "alias": "residenza",
        "userDefined": false
      },
      {
        "text": "?",
        "userDefined": false
      }
    ],
    "isTemplate": false,
    "count": 0,
    "lang": "it",
    "updated": 0
  },
  {
    "id": "87434c74-cb12-48d5-90ea-84beff328529",
    "data": [
      {
        "text": "entro quanto effettuare il ",
        "userDefined": false
      },
      {
        "text": "cdr",
        "meta": "@Residenza",
        "alias": "residenza",
        "userDefined": false
      }
    ],
    "isTemplate": false,
    "count": 1,
    "lang": "it",
    "updated": 0
  },
  {
    "id": "fcd63984-a2ec-427a-b8dd-d60b4e8c8893",
    "data": [
      {
        "text": "entro quanto posso richiedere un ",
        "userDefined": false
      },
      {
        "text": "c.d.r.",
        "meta": "@Residenza",
        "alias": "residenza",
        "userDefined": false
      },
      {
        "text": " ",
        "userDefined": false
      },
      {
        "text": "al",
        "userDefined": false
      },
      {
        "text": " ",
        "userDefined": false
      },
      {
        "text": "comune",
        "userDefined": false
      }
    ],
    "isTemplate": false,
    "count": 0,
    "lang": "it",
    "updated": 0
  },
  {
    "id": "b76b1b10-ffaf-4bc6-89d9-2dd2047f9639",
    "data": [
      {
        "text": "entro quanto devo chiedere ",
        "userDefined": false
      },
      {
        "text": "c.d.r",
        "meta": "@Residenza",
        "alias": "residenza",
        "userDefined": false
      },
      {
        "text": ".",
        "userDefined": false
      }
    ],
    "isTemplate": false,
    "count": 0,
    "lang": "it",
    "updated": 0
  },
  {
    "id": "d40178fd-d38e-42bf-8436-bf8fb32f31f8",
    "data": [
      {
        "text": "entro quanto richiedere ",
        "userDefined": false
      },
      {
        "text": "c.d.r",
        "meta": "@Residenza",
        "alias": "residenza",
        "userDefined": false
      },
      {
        "text": ".",
        "userDefined": false
      }
    ],
    "isTemplate": false,
    "count": 0,
    "lang": "it",
    "updated": 0
  }
]