[
  {
    "id": "2e37db1a-6742-4967-b68b-65bd03cee088",
    "data": [
      {
        "text": "dichiarazione cambio di ",
        "userDefined": false
      },
      {
        "text": "residenza",
        "meta": "@Residenza",
        "alias": "Residenza",
        "userDefined": false
      }
    ],
    "isTemplate": false,
    "count": 0,
    "lang": "it",
    "updated": 0
  },
  {
    "id": "be318d26-a102-47fa-85b6-102f3a1def62",
    "data": [
      {
        "text": "cdr",
        "meta": "@Residenza",
        "alias": "Residenza",
        "userDefined": false
      }
    ],
    "isTemplate": false,
    "count": 0,
    "lang": "it",
    "updated": 0
  },
  {
    "id": "d62a80fb-a209-4da1-8387-3e6d7a0b4fac",
    "data": [
      {
        "text": "informazioni cambio di ",
        "userDefined": false
      },
      {
        "text": "residenza",
        "meta": "@Residenza",
        "alias": "Residenza",
        "userDefined": false
      }
    ],
    "isTemplate": false,
    "count": 0,
    "lang": "it",
    "updated": 0
  },
  {
    "id": "bd2090ed-cd05-4c9a-a23b-6147f1411cf8",
    "data": [
      {
        "text": "info cambio di ",
        "userDefined": false
      },
      {
        "text": "residenza",
        "meta": "@Residenza",
        "alias": "Residenza",
        "userDefined": false
      }
    ],
    "isTemplate": false,
    "count": 0,
    "lang": "it",
    "updated": 0
  },
  {
    "id": "8042c4f4-38b7-470d-9ed5-9afb433f72d1",
    "data": [
      {
        "text": "trasferimento di ",
        "userDefined": false
      },
      {
        "text": "residenza",
        "meta": "@Residenza",
        "alias": "Residenza",
        "userDefined": false
      }
    ],
    "isTemplate": false,
    "count": 0,
    "lang": "it",
    "updated": 0
  },
  {
    "id": "8999d677-011d-497d-b6c7-2823f70f4661",
    "data": [
      {
        "text": "mi",
        "userDefined": false
      },
      {
        "text": " servirebbe cambiare ",
        "userDefined": false
      },
      {
        "text": "residenza",
        "meta": "@Residenza",
        "alias": "Residenza",
        "userDefined": false
      }
    ],
    "isTemplate": false,
    "count": 0,
    "lang": "it",
    "updated": 0
  },
  {
    "id": "ab76f19a-c564-4319-9b95-c4fb70c70fd4",
    "data": [
      {
        "text": "vorrei cambiare ",
        "userDefined": false
      },
      {
        "text": "residenza",
        "meta": "@Residenza",
        "alias": "Residenza",
        "userDefined": false
      }
    ],
    "isTemplate": false,
    "count": 0,
    "lang": "it",
    "updated": 0
  },
  {
    "id": "c952cf7e-7778-403f-b5b9-a3fa3bce9334",
    "data": [
      {
        "text": "cambio di ",
        "userDefined": false
      },
      {
        "text": "residenza",
        "meta": "@Residenza",
        "alias": "Residenza",
        "userDefined": true
      }
    ],
    "isTemplate": false,
    "count": 0,
    "lang": "it",
    "updated": 0
  },
  {
    "id": "6365a1b5-67c1-4328-b436-1ce4b5b09316",
    "data": [
      {
        "text": "cambiare ",
        "userDefined": false
      },
      {
        "text": "residenza",
        "meta": "@Residenza",
        "alias": "Residenza",
        "userDefined": false
      }
    ],
    "isTemplate": false,
    "count": 1,
    "lang": "it",
    "updated": 0
  }
]