[
  {
    "id": "2b8615df-fbae-4499-a62c-76bd41e4d26b",
    "data": [
      {
        "text": "modulo cambio di ",
        "userDefined": false
      },
      {
        "text": "residenza",
        "meta": "@Residenza",
        "alias": "residenza",
        "userDefined": false
      },
      {
        "text": " cittadini stranieri",
        "userDefined": false
      }
    ],
    "isTemplate": false,
    "count": 0,
    "lang": "it",
    "updated": 0
  },
  {
    "id": "25ae0f6b-db69-4936-9ef9-9c72e49f28b1",
    "data": [
      {
        "text": "modulo cambio di ",
        "userDefined": false
      },
      {
        "text": "residenza",
        "meta": "@Residenza",
        "alias": "residenza",
        "userDefined": false
      },
      {
        "text": " cittadini extracomunitari",
        "userDefined": false
      }
    ],
    "isTemplate": false,
    "count": 0,
    "lang": "it",
    "updated": 0
  },
  {
    "id": "75cb983b-4320-444e-bc53-692f2825c8a1",
    "data": [
      {
        "text": "cambio di ",
        "userDefined": false
      },
      {
        "text": "residenza",
        "meta": "@Residenza",
        "alias": "residenza",
        "userDefined": false
      },
      {
        "text": " cittadini extracomunitari",
        "userDefined": false
      }
    ],
    "isTemplate": false,
    "count": 0,
    "lang": "it",
    "updated": 0
  },
  {
    "id": "168daf6d-6b39-4f81-8c1d-3f10095bfbd9",
    "data": [
      {
        "text": "cambio di ",
        "userDefined": false
      },
      {
        "text": "residenza",
        "meta": "@Residenza",
        "alias": "residenza",
        "userDefined": false
      },
      {
        "text": " cittadini stranieri",
        "userDefined": false
      }
    ],
    "isTemplate": false,
    "count": 0,
    "lang": "it",
    "updated": 0
  },
  {
    "data": [
      {
        "text": "come cambio ",
        "userDefined": false
      },
      {
        "text": "residenza",
        "meta": "@Residenza",
        "alias": "residenza",
        "userDefined": false
      },
      {
        "text": " se sono ",
        "userDefined": false
      },
      {
        "text": "un",
        "userDefined": false
      },
      {
        "text": " cittadino straniero",
        "userDefined": false
      }
    ],
    "isTemplate": false,
    "count": 0,
    "lang": "it",
    "updated": 0
  },
  {
    "data": [
      {
        "text": "c.d.r.",
        "meta": "@Residenza",
        "alias": "residenza",
        "userDefined": false
      },
      {
        "text": " per stranieri",
        "userDefined": false
      }
    ],
    "isTemplate": false,
    "count": 0,
    "lang": "it",
    "updated": 0
  },
  {
    "data": [
      {
        "text": "informazioni sul cambio di ",
        "userDefined": false
      },
      {
        "text": "residenza",
        "meta": "@Residenza",
        "alias": "residenza",
        "userDefined": false
      },
      {
        "text": " per stranieri",
        "userDefined": false
      }
    ],
    "isTemplate": false,
    "count": 0,
    "lang": "it",
    "updated": 0
  }
]