[
  {
    "id": "fc499fe7-87cd-455c-9364-2fac65c4dee2",
    "data": [
      {
        "text": "/eventi",
        "userDefined": false
      }
    ],
    "isTemplate": false,
    "count": 0,
    "lang": "it",
    "updated": 0
  },
  {
    "id": "6987fe89-7462-424f-a7a5-fb89d63ab692",
    "data": [
      {
        "text": "info eventi ",
        "userDefined": false
      },
      {
        "text": "bari",
        "userDefined": false
      }
    ],
    "isTemplate": false,
    "count": 0,
    "lang": "it",
    "updated": 0
  },
  {
    "id": "53cb9a31-108c-4e57-9a74-9df68959cb32",
    "data": [
      {
        "text": "informazione eventi",
        "userDefined": false
      }
    ],
    "isTemplate": false,
    "count": 0,
    "lang": "it",
    "updated": 0
  },
  {
    "id": "b01bd990-025b-41b1-8802-e8c15456d840",
    "data": [
      {
        "text": "info eventi",
        "userDefined": false
      }
    ],
    "isTemplate": false,
    "count": 0,
    "lang": "it",
    "updated": 0
  },
  {
    "id": "ad449714-48ef-4955-8b50-37fb7b7f2b17",
    "data": [
      {
        "text": "eventi",
        "userDefined": false
      }
    ],
    "isTemplate": false,
    "count": 0,
    "lang": "it",
    "updated": 0
  },
  {
    "data": [
      {
        "text": "quali categorie di eventi ci sono",
        "userDefined": false
      }
    ],
    "isTemplate": false,
    "count": 0,
    "lang": "it",
    "updated": 0
  }
]