[
  {
    "id": "18ae09e4-2e94-4131-9919-f179f41e96d6",
    "data": [
      {
        "text": "informazioni ",
        "userDefined": false
      },
      {
        "text": "sanzioni",
        "meta": "@Sanzioni",
        "alias": "Sanzioni",
        "userDefined": false
      }
    ],
    "isTemplate": false,
    "count": 0,
    "lang": "it",
    "updated": 0
  },
  {
    "id": "3e5b9b96-6763-4e2c-9977-fbe36c90ef7e",
    "data": [
      {
        "text": "info ",
        "userDefined": false
      },
      {
        "text": "sanzioni",
        "meta": "@Sanzioni",
        "alias": "Sanzioni",
        "userDefined": false
      }
    ],
    "isTemplate": false,
    "count": 0,
    "lang": "it",
    "updated": 0
  },
  {
    "id": "c6c1175a-34f3-4594-a3b3-6980c3888911",
    "data": [
      {
        "text": "pagamento ",
        "userDefined": false
      },
      {
        "text": "sanzione",
        "meta": "@Sanzioni",
        "alias": "Sanzioni",
        "userDefined": false
      }
    ],
    "isTemplate": false,
    "count": 0,
    "lang": "it",
    "updated": 0
  },
  {
    "id": "d9da744d-2298-4f6d-8a8b-2dc3843f0b6b",
    "data": [
      {
        "text": "codice della strada",
        "userDefined": false
      }
    ],
    "isTemplate": false,
    "count": 0,
    "lang": "it",
    "updated": 0
  },
  {
    "id": "5a142a82-b7d5-4930-a653-27f7ee180dc1",
    "data": [
      {
        "text": "sanzioni",
        "meta": "@Sanzioni",
        "alias": "Sanzioni",
        "userDefined": true
      }
    ],
    "isTemplate": false,
    "count": 0,
    "lang": "it",
    "updated": 0
  },
  {
    "data": [
      {
        "text": "mi",
        "meta": "@sys.unit-length-name",
        "alias": "unit-length-name",
        "userDefined": false
      },
      {
        "text": " hanno ",
        "userDefined": false
      },
      {
        "text": "multato",
        "meta": "@Sanzioni",
        "alias": "sanzioni",
        "userDefined": false
      },
      {
        "text": " che faccio?",
        "userDefined": false
      }
    ],
    "isTemplate": false,
    "count": 0,
    "lang": "it",
    "updated": 0
  }
]