[
  {
    "id": "1b451f2e-2b30-4b8a-bfce-156161032e52",
    "data": [
      {
        "text": "tempi per pagare ",
        "userDefined": false
      },
      {
        "text": "multa",
        "meta": "@Sanzioni",
        "alias": "sanzioni",
        "userDefined": false
      }
    ],
    "isTemplate": false,
    "count": 0,
    "lang": "it",
    "updated": 0
  },
  {
    "id": "e9e7eedc-474a-44c7-83de-4216ab46795d",
    "data": [
      {
        "text": "entro quanto devo pagare ",
        "userDefined": false
      },
      {
        "text": "una",
        "userDefined": false
      },
      {
        "text": " ",
        "userDefined": false
      },
      {
        "text": "sanzione",
        "meta": "@Sanzioni",
        "alias": "sanzioni",
        "userDefined": false
      },
      {
        "text": "?",
        "userDefined": false
      }
    ],
    "isTemplate": false,
    "count": 0,
    "lang": "it",
    "updated": 0
  },
  {
    "id": "613a3638-d0b6-451d-8a24-98b241abaf81",
    "data": [
      {
        "text": "entro quanto tempo pagare ",
        "userDefined": false
      },
      {
        "text": "una",
        "userDefined": false
      },
      {
        "text": " ",
        "userDefined": false
      },
      {
        "text": "sanzione",
        "meta": "@Sanzioni",
        "alias": "sanzioni",
        "userDefined": false
      }
    ],
    "isTemplate": false,
    "count": 0,
    "lang": "it",
    "updated": 0
  },
  {
    "id": "69f6ea91-60a2-46ae-b96d-397f05bdec74",
    "data": [
      {
        "text": "entro quando pagare ",
        "userDefined": false
      },
      {
        "text": "una",
        "userDefined": false
      },
      {
        "text": " ",
        "userDefined": false
      },
      {
        "text": "sanzione",
        "meta": "@Sanzioni",
        "alias": "sanzioni",
        "userDefined": false
      }
    ],
    "isTemplate": false,
    "count": 0,
    "lang": "it",
    "updated": 0
  },
  {
    "id": "721b69db-ac86-47c0-8b95-214c3784dab4",
    "data": [
      {
        "text": "tempi pagamento ",
        "userDefined": false
      },
      {
        "text": "sanzione",
        "meta": "@Sanzioni",
        "alias": "sanzioni",
        "userDefined": false
      }
    ],
    "isTemplate": false,
    "count": 0,
    "lang": "it",
    "updated": 0
  },
  {
    "id": "bfaebce8-38f6-433e-b586-f6e388566741",
    "data": [
      {
        "text": "quanto tempo ci vuole per pagare ",
        "userDefined": false
      },
      {
        "text": "una",
        "userDefined": false
      },
      {
        "text": " ",
        "userDefined": false
      },
      {
        "text": "sanzione",
        "meta": "@Sanzioni",
        "alias": "sanzioni",
        "userDefined": false
      },
      {
        "text": "?",
        "userDefined": false
      }
    ],
    "isTemplate": false,
    "count": 0,
    "lang": "it",
    "updated": 0
  }
]