[
  {
    "id": "abe80114-0a42-43ce-aa60-155b0e2fc698",
    "data": [
      {
        "text": "commissione pagamento ",
        "userDefined": false
      },
      {
        "text": "sanzione",
        "meta": "@Sanzioni",
        "alias": "sanzioni",
        "userDefined": false
      }
    ],
    "isTemplate": false,
    "count": 0,
    "lang": "it",
    "updated": 0
  },
  {
    "id": "626b1e86-362b-4c37-9091-4df30545cd68",
    "data": [
      {
        "text": "costi commissione ",
        "userDefined": false
      },
      {
        "text": "sanzione",
        "meta": "@Sanzioni",
        "alias": "sanzioni",
        "userDefined": false
      }
    ],
    "isTemplate": false,
    "count": 0,
    "lang": "it",
    "updated": 0
  },
  {
    "id": "8ce58f7e-792d-4fce-8046-40e2acd038fe",
    "data": [
      {
        "text": "importo ",
        "userDefined": false
      },
      {
        "text": "sanzione",
        "meta": "@Sanzioni",
        "alias": "sanzioni",
        "userDefined": false
      }
    ],
    "isTemplate": false,
    "count": 0,
    "lang": "it",
    "updated": 0
  },
  {
    "id": "fd92e207-6137-434c-99e0-d152510c0b3b",
    "data": [
      {
        "text": "quanto costa pagare ",
        "userDefined": false
      },
      {
        "text": "una",
        "userDefined": false
      },
      {
        "text": " ",
        "userDefined": false
      },
      {
        "text": "sanzione",
        "meta": "@Sanzioni",
        "alias": "sanzioni",
        "userDefined": false
      },
      {
        "text": "?",
        "userDefined": false
      }
    ],
    "isTemplate": false,
    "count": 0,
    "lang": "it",
    "updated": 0
  },
  {
    "id": "bbc927f5-aace-484a-9305-48e27139478d",
    "data": [
      {
        "text": "costo ",
        "userDefined": false
      },
      {
        "text": "sanzione",
        "meta": "@Sanzioni",
        "alias": "sanzioni",
        "userDefined": false
      }
    ],
    "isTemplate": false,
    "count": 0,
    "lang": "it",
    "updated": 0
  }
]