[
  {
    "id": "088846c9-b782-43b9-8a46-d2bf533b105f",
    "data": [
      {
        "text": "a che cosa ",
        "userDefined": false
      },
      {
        "text": "sei",
        "userDefined": false
      },
      {
        "text": " utile?",
        "userDefined": false
      }
    ],
    "isTemplate": false,
    "count": 0,
    "lang": "it",
    "updated": 0
  },
  {
    "data": [
      {
        "text": "che cosa fai?",
        "userDefined": false
      }
    ],
    "isTemplate": false,
    "count": 4,
    "lang": "it",
    "updated": 0
  },
  {
    "data": [
      {
        "text": "cosa posso chiederti?",
        "userDefined": false
      }
    ],
    "isTemplate": false,
    "count": 4,
    "lang": "it",
    "updated": 0
  }
]