[
  {
    "id": "665a22ff-bbe1-4ca8-83fc-a2cddf630644",
    "data": [
      {
        "text": "presentazione ",
        "userDefined": false
      },
      {
        "text": "TARI",
        "meta": "@TARI",
        "alias": "tari",
        "userDefined": false
      }
    ],
    "isTemplate": false,
    "count": 0,
    "lang": "it",
    "updated": 0
  },
  {
    "id": "31336c76-a83f-4d30-a30d-0f27d31420c2",
    "data": [
      {
        "text": "caratteristiche ",
        "userDefined": false
      },
      {
        "text": "TARI",
        "meta": "@TARI",
        "alias": "tari",
        "userDefined": false
      }
    ],
    "isTemplate": false,
    "count": 0,
    "lang": "it",
    "updated": 0
  },
  {
    "id": "7953188a-a2f3-45f8-97e8-4c4a949735ad",
    "data": [
      {
        "text": "chi deve pagare la ",
        "userDefined": false
      },
      {
        "text": "TARI",
        "meta": "@TARI",
        "alias": "tari",
        "userDefined": false
      }
    ],
    "isTemplate": false,
    "count": 0,
    "lang": "it",
    "updated": 0
  },
  {
    "id": "76f130d1-4306-470d-9215-abf7a171c86a",
    "data": [
      {
        "text": "denuncia ",
        "userDefined": false
      },
      {
        "text": "TARI",
        "meta": "@TARI",
        "alias": "tari",
        "userDefined": true
      }
    ],
    "isTemplate": false,
    "count": 0,
    "lang": "it",
    "updated": 0
  },
  {
    "id": "72f95429-bf95-4b47-ab93-40617c1bd55a",
    "data": [
      {
        "text": "cos\u0027è la ",
        "userDefined": false
      },
      {
        "text": "TARI",
        "meta": "@TARI",
        "alias": "tari",
        "userDefined": true
      },
      {
        "text": "?",
        "userDefined": false
      }
    ],
    "isTemplate": false,
    "count": 0,
    "lang": "it",
    "updated": 0
  },
  {
    "data": [
      {
        "text": "che cos\u0027 la ",
        "userDefined": false
      },
      {
        "text": "tari",
        "meta": "@TARI",
        "alias": "tari",
        "userDefined": false
      },
      {
        "text": "?",
        "userDefined": false
      }
    ],
    "isTemplate": false,
    "count": 1,
    "lang": "it",
    "updated": 0
  }
]