[
  {
    "id": "fc510101-8f9f-42d5-8d2f-1e9abf615069",
    "data": [
      {
        "text": "documenti per richiedere la ",
        "userDefined": false
      },
      {
        "text": "TARI",
        "meta": "@TARI",
        "alias": "TARI",
        "userDefined": false
      }
    ],
    "isTemplate": false,
    "count": 0,
    "lang": "it",
    "updated": 0
  },
  {
    "id": "3cb3a817-87f7-4902-9a87-b51308e5d4e7",
    "data": [
      {
        "text": "quali documenti servono per richiedere la ",
        "userDefined": false
      },
      {
        "text": "TARI",
        "meta": "@TARI",
        "alias": "TARI",
        "userDefined": false
      },
      {
        "text": "?",
        "userDefined": false
      }
    ],
    "isTemplate": false,
    "count": 0,
    "lang": "it",
    "updated": 0
  },
  {
    "id": "e5740e6e-52dc-4cc4-a578-685280d854e4",
    "data": [
      {
        "text": "documenti da allegare ",
        "userDefined": false
      },
      {
        "text": "TARI",
        "meta": "@TARI",
        "alias": "TARI",
        "userDefined": false
      }
    ],
    "isTemplate": false,
    "count": 0,
    "lang": "it",
    "updated": 0
  },
  {
    "id": "0d17a6c1-fe19-4cfd-b1c1-e8be1ac84ef4",
    "data": [
      {
        "text": "documenti ",
        "userDefined": false
      },
      {
        "text": "TARI",
        "meta": "@TARI",
        "alias": "TARI",
        "userDefined": true
      }
    ],
    "isTemplate": false,
    "count": 0,
    "lang": "it",
    "updated": 0
  },
  {
    "data": [
      {
        "text": "cosa devo allegare per dichiarare la ",
        "userDefined": false
      },
      {
        "text": "tari",
        "meta": "@TARI",
        "alias": "tari",
        "userDefined": false
      },
      {
        "text": "?",
        "userDefined": false
      }
    ],
    "isTemplate": false,
    "count": 1,
    "lang": "it",
    "updated": 0
  },
  {
    "data": [
      {
        "text": "quali moduli si presentano per la ",
        "userDefined": false
      },
      {
        "text": "tari",
        "meta": "@TARI",
        "alias": "tari",
        "userDefined": false
      }
    ],
    "isTemplate": false,
    "count": 5,
    "lang": "it",
    "updated": 0
  }
]