[
  {
    "id": "198e561d-56a6-4597-aecc-ee0bf9571224",
    "data": [
      {
        "text": "informazioni ",
        "userDefined": false
      },
      {
        "text": "tassa sui rifiuti",
        "meta": "@TARI",
        "alias": "TARI",
        "userDefined": false
      }
    ],
    "isTemplate": false,
    "count": 0,
    "lang": "it",
    "updated": 0
  },
  {
    "id": "b816baec-37da-4aad-98e8-0b3f7b2c923b",
    "data": [
      {
        "text": "info ",
        "userDefined": false
      },
      {
        "text": "tassa sui rifiuti",
        "meta": "@TARI",
        "alias": "TARI",
        "userDefined": false
      }
    ],
    "isTemplate": false,
    "count": 0,
    "lang": "it",
    "updated": 0
  },
  {
    "id": "5962a802-bad6-4e47-992c-e77302167703",
    "data": [
      {
        "text": "informazioni ",
        "userDefined": false
      },
      {
        "text": "TARI",
        "meta": "@TARI",
        "alias": "TARI",
        "userDefined": false
      }
    ],
    "isTemplate": false,
    "count": 0,
    "lang": "it",
    "updated": 0
  },
  {
    "id": "183b840a-df9e-4c36-9558-5aaa4f374e3a",
    "data": [
      {
        "text": "info ",
        "userDefined": false
      },
      {
        "text": "TARI",
        "meta": "@TARI",
        "alias": "TARI",
        "userDefined": false
      }
    ],
    "isTemplate": false,
    "count": 0,
    "lang": "it",
    "updated": 0
  },
  {
    "id": "20fcb4f4-51f6-4896-8591-4d8b74aeb5f0",
    "data": [
      {
        "text": "tassa sui rifiuti",
        "meta": "@TARI",
        "alias": "TARI",
        "userDefined": true
      }
    ],
    "isTemplate": false,
    "count": 0,
    "lang": "it",
    "updated": 0
  },
  {
    "id": "0bb03774-eeab-41e4-9aea-cf0d4e14d730",
    "data": [
      {
        "text": "TARI",
        "meta": "@TARI",
        "alias": "TARI",
        "userDefined": true
      }
    ],
    "isTemplate": false,
    "count": 0,
    "lang": "it",
    "updated": 0
  }
]