[
  {
    "id": "9cc2dce9-c7c5-4b03-993e-76c16026fd80",
    "data": [
      {
        "text": "quanto costa denunciare la ",
        "userDefined": false
      },
      {
        "text": "TARI",
        "meta": "@TARI",
        "alias": "TARI",
        "userDefined": false
      }
    ],
    "isTemplate": false,
    "count": 1,
    "lang": "it",
    "updated": 0
  },
  {
    "id": "9b3e3fc9-eaad-4591-8301-4b208550e1e9",
    "data": [
      {
        "text": "costo denuncia ",
        "userDefined": false
      },
      {
        "text": "TARI",
        "meta": "@TARI",
        "alias": "TARI",
        "userDefined": true
      }
    ],
    "isTemplate": false,
    "count": 0,
    "lang": "it",
    "updated": 0
  },
  {
    "id": "e61d423e-8906-4392-b5eb-cfa40e645a9c",
    "data": [
      {
        "text": "quanto costa dichiarare la ",
        "userDefined": false
      },
      {
        "text": "TARI",
        "meta": "@TARI",
        "alias": "TARI",
        "userDefined": false
      },
      {
        "text": "?",
        "userDefined": false
      }
    ],
    "isTemplate": false,
    "count": 0,
    "lang": "it",
    "updated": 0
  },
  {
    "id": "8db794f9-3c48-4f65-9e3f-0ae49ce76d57",
    "data": [
      {
        "text": "costi dichiarazione ",
        "userDefined": false
      },
      {
        "text": "TARI",
        "meta": "@TARI",
        "alias": "TARI",
        "userDefined": true
      }
    ],
    "isTemplate": false,
    "count": 0,
    "lang": "it",
    "updated": 0
  }
]