[
  {
    "id": "7a039c3b-6c7e-498e-a691-0c26c088b150",
    "data": [
      {
        "text": "moduli dichiarazione ",
        "userDefined": false
      },
      {
        "text": "TARI",
        "meta": "@TARI",
        "alias": "tari",
        "userDefined": false
      }
    ],
    "isTemplate": false,
    "count": 0,
    "lang": "it",
    "updated": 0
  },
  {
    "id": "fc0ce601-89dd-4e55-babb-fbb19c58e822",
    "data": [
      {
        "text": "moduli presentazione ",
        "userDefined": false
      },
      {
        "text": "TARI",
        "meta": "@TARI",
        "alias": "tari",
        "userDefined": true
      }
    ],
    "isTemplate": false,
    "count": 0,
    "lang": "it",
    "updated": 0
  },
  {
    "id": "4fba437a-9a4e-41d3-8998-45bc5be58201",
    "data": [
      {
        "text": "modulistica ",
        "userDefined": false
      },
      {
        "text": "TARI",
        "meta": "@TARI",
        "alias": "tari",
        "userDefined": true
      }
    ],
    "isTemplate": false,
    "count": 0,
    "lang": "it",
    "updated": 0
  },
  {
    "id": "21cefabc-4d8f-4334-a2eb-8594787e30d2",
    "data": [
      {
        "text": "moduli ",
        "userDefined": false
      },
      {
        "text": "TARI",
        "meta": "@TARI",
        "alias": "tari",
        "userDefined": false
      }
    ],
    "isTemplate": false,
    "count": 0,
    "lang": "it",
    "updated": 0
  }
]